old_value,new_value
1,SAC-60000
2,SAC-60001
3,SAC-60002
4,SAC-60003
5,SAC-60004
6,SAC-60005
7,SAC-60006
8,SAC-60007
9,SAC-60008
10,SAC-60009
11,SAC-60010
12,SAC-60011
13,SAC-60012
14,SAC-60013
15,SAC-60014
16,SAC-60015
17,SAC-60016
18,SAC-60017
19,SAC-60018
20,SAC-60019
21,SAC-60020
22,SAC-60021
23,SAC-60022
24,SAC-60023
25,SAC-60024
26,SAC-60025
27,SAC-60026
28,SAC-60027
29,SAC-60028
30,SAC-60029
31,SAC-60030
32,SAC-60031
33,SAC-60032
34,SAC-60033
35,SAC-60034
36,SAC-60035
37,SAC-60036
38,SAC-60037
39,SAC-60038
40,SAC-60039
41,SAC-60040
42,SAC-60041
43,SAC-60042
44,SAC-60043
45,SAC-60044
46,SAC-60045
47,SAC-60046
48,SAC-60047
49,SAC-60048
50,SAC-60049
51,SAC-60050
52,SAC-60051
53,SAC-60052
54,SAC-60053
55,SAC-60054
56,SAC-60055
57,SAC-60056
58,SAC-60057
59,SAC-60058
60,SAC-60059
61,SAC-60060
62,SAC-60061
63,SAC-60062
64,SAC-60063
65,SAC-60064
66,SAC-60065
67,SAC-60066
68,SAC-60067
69,SAC-60068
70,SAC-60069
71,SAC-60070
72,SAC-60071
73,SAC-60072
74,SAC-60073
75,SAC-60074
76,SAC-60075
77,SAC-60076
78,SAC-60077
79,SAC-60078
80,SAC-60079
81,SAC-60080
82,SAC-60081
83,SAC-60082
84,SAC-60083
85,SAC-60084
86,SAC-60085
87,SAC-60086
88,SAC-60087
89,SAC-60088
90,SAC-60089
91,SAC-60090
92,SAC-60091
93,SAC-60092
94,SAC-60093
95,SAC-60094
96,SAC-60095
97,SAC-60096
98,SAC-60097
99,SAC-60098
100,SAC-60099
101,SAC-60100
102,SAC-60101
103,SAC-60102
104,SAC-60103
105,SAC-60104
106,SAC-60105
107,SAC-60106
108,SAC-60107
109,SAC-60108
110,SAC-60109
111,SAC-60110
112,SAC-60111
113,SAC-60112
114,SAC-60113
115,SAC-60114
116,SAC-60115
117,SAC-60116
118,SAC-60117
119,SAC-60118
120,SAC-60119
121,SAC-60120
122,SAC-60121
123,SAC-60122
124,SAC-60123
126,SAC-60124
127,SAC-60125
128,SAC-60126
129,SAC-60127
130,SAC-60128
131,SAC-60129
132,SAC-60130
133,SAC-60131
134,SAC-60132
135,SAC-60133
136,SAC-60134
137,SAC-60135
138,SAC-60136
139,SAC-60137
140,SAC-60138
141,SAC-60139
142,SAC-60140
143,SAC-60141
144,SAC-60142
145,SAC-60143
146,SAC-60144
147,SAC-60145
148,SAC-60146
149,SAC-60147
150,SAC-60148
151,SAC-60149
152,SAC-60150
153,SAC-60151
154,SAC-60152
156,SAC-60153
157,SAC-60154
158,SAC-60155
159,SAC-60156
160,SAC-60157
161,SAC-60158
162,SAC-60159
163,SAC-60160
164,SAC-60161
165,SAC-60162
166,SAC-60163
167,SAC-60164
168,SAC-60165
169,SAC-60166
170,SAC-60167
171,SAC-60168
172,SAC-60169
173,SAC-60170
174,SAC-60171
175,SAC-60172
176,SAC-60173
177,SAC-60174
178,SAC-60175
179,SAC-60176
180,SAC-60177
181,SAC-60178
182,SAC-60179
183,SAC-60180
184,SAC-60181
185,SAC-60182
186,SAC-60183
187,SAC-60184
188,SAC-60185
189,SAC-60186
190,SAC-60187
191,SAC-60188
192,SAC-60189
194,SAC-60190
195,SAC-60191
196,SAC-60192
197,SAC-60193
198,SAC-60194
199,SAC-60195
200,SAC-60196
201,SAC-60197
202,SAC-60198
203,SAC-60199
204,SAC-60200
205,SAC-60201
206,SAC-60202
207,SAC-60203
208,SAC-60204
209,SAC-60205
210,SAC-60206
211,SAC-60207
212,SAC-60208
213,SAC-60209
214,SAC-60210
215,SAC-60211
216,SAC-60212
218,SAC-60213
219,SAC-60214
220,SAC-60215
221,SAC-60216
222,SAC-60217
223,SAC-60218
224,SAC-60219
225,SAC-60220
226,SAC-60221
227,SAC-60222
228,SAC-60223
229,SAC-60224
230,SAC-60225
231,SAC-60226
232,SAC-60227
233,SAC-60228
234,SAC-60229
235,SAC-60230
236,SAC-60231
237,SAC-60232
238,SAC-60233
239,SAC-60234
240,SAC-60235
241,SAC-60236
242,SAC-60237
243,SAC-60238
244,SAC-60239
245,SAC-60240
246,SAC-60241
247,SAC-60242
248,SAC-60243
249,SAC-60244
250,SAC-60245
251,SAC-60246
252,SAC-60247
253,SAC-60248
254,SAC-60249
255,SAC-60250
256,SAC-60251
257,SAC-60252
258,SAC-60253
259,SAC-60254
260,SAC-60255
261,SAC-60256
262,SAC-60257
263,SAC-60258
264,SAC-60259
265,SAC-60260
266,SAC-60261
267,SAC-60262
268,SAC-60263
269,SAC-60264
270,SAC-60265
271,SAC-60266
272,SAC-60267
273,SAC-60268
274,SAC-60269
275,SAC-60270
276,SAC-60271
277,SAC-60272
278,SAC-60273
279,SAC-60274
280,SAC-60275
281,SAC-60276
282,SAC-60277
283,SAC-60278
284,SAC-60279
285,SAC-60280
286,SAC-60281
287,SAC-60282
288,SAC-60283
289,SAC-60284
290,SAC-60285
291,SAC-60286
292,SAC-60287
293,SAC-60288
294,SAC-60289
295,SAC-60290
296,SAC-60291
297,SAC-60292
298,SAC-60293
299,SAC-60294
300,SAC-60295
301,SAC-60296
302,SAC-60297
303,SAC-60298
304,SAC-60299
305,SAC-60300
306,SAC-60301
307,SAC-60302
308,SAC-60303
309,SAC-60304
310,SAC-60305
311,SAC-60306
312,SAC-60307
313,SAC-60308
314,SAC-60309
315,SAC-60310
316,SAC-60311
317,SAC-60312
318,SAC-60313
319,SAC-60314
320,SAC-60315
321,SAC-60316
322,SAC-60317
323,SAC-60318
324,SAC-60319
325,SAC-60320
326,SAC-60321
327,SAC-60322
328,SAC-60323
329,SAC-60324
330,SAC-60325
331,SAC-60326
332,SAC-60327
333,SAC-60328
334,SAC-60329
335,SAC-60330
336,SAC-60331
337,SAC-60332
338,SAC-60333
339,SAC-60334
340,SAC-60335
341,SAC-60336
342,SAC-60337
343,SAC-60338
344,SAC-60339
345,SAC-60340
346,SAC-60341
347,SAC-60342
348,SAC-60343
349,SAC-60344
350,SAC-60345
351,SAC-60346
352,SAC-60347
353,SAC-60348
354,SAC-60349
355,SAC-60350
356,SAC-60351
357,SAC-60352
358,SAC-60353
359,SAC-60354
360,SAC-60355
361,SAC-60356
362,SAC-60357
363,SAC-60358
364,SAC-60359
365,SAC-60360
366,SAC-60361
367,SAC-60362
368,SAC-60363
370,SAC-60364
372,SAC-60365
373,SAC-60366
374,SAC-60367
375,SAC-60368
376,SAC-60369
377,SAC-60370
378,SAC-60371
379,SAC-60372
380,SAC-60373
381,SAC-60374
382,SAC-60375
383,SAC-60376
384,SAC-60377
385,SAC-60378
386,SAC-60379
387,SAC-60380
388,SAC-60381
389,SAC-60382
390,SAC-60383
391,SAC-60384
392,SAC-60385
393,SAC-60386
394,SAC-60387
395,SAC-60388
396,SAC-60389
397,SAC-60390
398,SAC-60391
399,SAC-60392
400,SAC-60393
401,SAC-60394
402,SAC-60395
403,SAC-60396
404,SAC-60397
405,SAC-60398
406,SAC-60399
407,SAC-60400
408,SAC-60401
409,SAC-60402
410,SAC-60403
411,SAC-60404
412,SAC-60405
413,SAC-60406
414,SAC-60407
415,SAC-60408
416,SAC-60409
417,SAC-60410
418,SAC-60411
419,SAC-60412
420,SAC-60413
421,SAC-60414
422,SAC-60415
423,SAC-60416
424,SAC-60417
425,SAC-60418
426,SAC-60419
427,SAC-60420
428,SAC-60421
429,SAC-60422
430,SAC-60423
431,SAC-60424
432,SAC-60425
433,SAC-60426
434,SAC-60427
435,SAC-60428
436,SAC-60429
437,SAC-60430
438,SAC-60431
439,SAC-60432
440,SAC-60433
441,SAC-60434
442,SAC-60435
443,SAC-60436
444,SAC-60437
445,SAC-60438
446,SAC-60439
447,SAC-60440
448,SAC-60441
449,SAC-60442
450,SAC-60443
451,SAC-60444
453,SAC-60445
454,SAC-60446
455,SAC-60447
456,SAC-60448
457,SAC-60449
458,SAC-60450
459,SAC-60451
460,SAC-60452
461,SAC-60453
462,SAC-60454
463,SAC-60455
464,SAC-60456
465,SAC-60457
466,SAC-60458
467,SAC-60459
468,SAC-60460
469,SAC-60461
470,SAC-60462
471,SAC-60463
472,SAC-60464
473,SAC-60465
474,SAC-60466
475,SAC-60467
476,SAC-60468
477,SAC-60469
478,SAC-60470
479,SAC-60471
480,SAC-60472
481,SAC-60473
482,SAC-60474
483,SAC-60475
484,SAC-60476
485,SAC-60477
487,SAC-60478
488,SAC-60479
489,SAC-60480
490,SAC-60481
491,SAC-60482
492,SAC-60483
493,SAC-60484
494,SAC-60485
495,SAC-60486
496,SAC-60487
497,SAC-60488
498,SAC-60489
499,SAC-60490
500,SAC-60491
501,SAC-60492
502,SAC-60493
503,SAC-60494
504,SAC-60495
505,SAC-60496
506,SAC-60497
507,SAC-60498
508,SAC-60499
509,SAC-60500
510,SAC-60501
511,SAC-60502
512,SAC-60503
513,SAC-60504
514,SAC-60505
515,SAC-60506
516,SAC-60507
517,SAC-60508
518,SAC-60509
519,SAC-60510
520,SAC-60511
521,SAC-60512
522,SAC-60513
523,SAC-60514
524,SAC-60515
525,SAC-60516
526,SAC-60517
527,SAC-60518
528,SAC-60519
529,SAC-60520
530,SAC-60521
531,SAC-60522
532,SAC-60523
533,SAC-60524
534,SAC-60525
536,SAC-60526
537,SAC-60527
538,SAC-60528
539,SAC-60529
540,SAC-60530
541,SAC-60531
542,SAC-60532
543,SAC-60533
544,SAC-60534
545,SAC-60535
546,SAC-60536
547,SAC-60537
548,SAC-60538
549,SAC-60539
550,SAC-60540
551,SAC-60541
552,SAC-60542
553,SAC-60543
554,SAC-60544
555,SAC-60545
556,SAC-60546
557,SAC-60547
558,SAC-60548
559,SAC-60549
560,SAC-60550
561,SAC-60551
562,SAC-60552
563,SAC-60553
564,SAC-60554
565,SAC-60555
566,SAC-60556
567,SAC-60557
568,SAC-60558
569,SAC-60559
570,SAC-60560
571,SAC-60561
572,SAC-60562
573,SAC-60563
574,SAC-60564
575,SAC-60565
576,SAC-60566
577,SAC-60567
578,SAC-60568
579,SAC-60569
580,SAC-60570
582,SAC-60571
583,SAC-60572
584,SAC-60573
585,SAC-60574
586,SAC-60575
587,SAC-60576
588,SAC-60577
589,SAC-60578
590,SAC-60579
591,SAC-60580
592,SAC-60581
593,SAC-60582
594,SAC-60583
595,SAC-60584
596,SAC-60585
597,SAC-60586
598,SAC-60587
599,SAC-60588
600,SAC-60589
601,SAC-60590
602,SAC-60591
603,SAC-60592
605,SAC-60593
606,SAC-60594
607,SAC-60595
608,SAC-60596
609,SAC-60597
610,SAC-60598
611,SAC-60599
612,SAC-60600
613,SAC-60601
614,SAC-60602
615,SAC-60603
616,SAC-60604
617,SAC-60605
618,SAC-60606
619,SAC-60607
620,SAC-60608
621,SAC-60609
622,SAC-60610
623,SAC-60611
624,SAC-60612
625,SAC-60613
626,SAC-60614
627,SAC-60615
628,SAC-60616
629,SAC-60617
630,SAC-60618
631,SAC-60619
632,SAC-60620
633,SAC-60621
634,SAC-60622
635,SAC-60623
636,SAC-60624
637,SAC-60625
638,SAC-60626
639,SAC-60627
640,SAC-60628
641,SAC-60629
642,SAC-60630
643,SAC-60631
644,SAC-60632
645,SAC-60633
646,SAC-60634
647,SAC-60635
648,SAC-60636
649,SAC-60637
650,SAC-60638
651,SAC-60639
652,SAC-60640
653,SAC-60641
654,SAC-60642
655,SAC-60643
656,SAC-60644
657,SAC-60645
658,SAC-60646
659,SAC-60647
660,SAC-60648
661,SAC-60649
662,SAC-60650
663,SAC-60651
664,SAC-60652
665,SAC-60653
666,SAC-60654
667,SAC-60655
668,SAC-60656
669,SAC-60657
670,SAC-60658
671,SAC-60659
672,SAC-60660
673,SAC-60661
674,SAC-60662
675,SAC-60663
676,SAC-60664
677,SAC-60665
678,SAC-60666
679,SAC-60667
680,SAC-60668
681,SAC-60669
682,SAC-60670
683,SAC-60671
684,SAC-60672
685,SAC-60673
686,SAC-60674
687,SAC-60675
688,SAC-60676
689,SAC-60677
690,SAC-60678
691,SAC-60679
692,SAC-60680
693,SAC-60681
694,SAC-60682
695,SAC-60683
696,SAC-60684
697,SAC-60685
698,SAC-60686
699,SAC-60687
700,SAC-60688
701,SAC-60689
702,SAC-60690
703,SAC-60691
704,SAC-60692
705,SAC-60693
706,SAC-60694
707,SAC-60695
708,SAC-60696
709,SAC-60697
710,SAC-60698
711,SAC-60699
712,SAC-60700
713,SAC-60701
714,SAC-60702
715,SAC-60703
716,SAC-60704
717,SAC-60705
718,SAC-60706
719,SAC-60707
720,SAC-60708
721,SAC-60709
722,SAC-60710
723,SAC-60711
724,SAC-60712
725,SAC-60713
726,SAC-60714
727,SAC-60715
728,SAC-60716
729,SAC-60717
730,SAC-60718
731,SAC-60719
732,SAC-60720
733,SAC-60721
734,SAC-60722
735,SAC-60723
736,SAC-60724
737,SAC-60725
738,SAC-60726
739,SAC-60727
740,SAC-60728
741,SAC-60729
742,SAC-60730
743,SAC-60731
744,SAC-60732
745,SAC-60733
746,SAC-60734
747,SAC-60735
748,SAC-60736
749,SAC-60737
750,SAC-60738
751,SAC-60739
752,SAC-60740
753,SAC-60741
754,SAC-60742
755,SAC-60743
756,SAC-60744
757,SAC-60745
758,SAC-60746
759,SAC-60747
760,SAC-60748
761,SAC-60749
762,SAC-60750
763,SAC-60751
764,SAC-60752
765,SAC-60753
766,SAC-60754
767,SAC-60755
768,SAC-60756
769,SAC-60757
770,SAC-60758
771,SAC-60759
772,SAC-60760
773,SAC-60761
774,SAC-60762
775,SAC-60763
776,SAC-60764
777,SAC-60765
778,SAC-60766
779,SAC-60767
780,SAC-60768
781,SAC-60769
782,SAC-60770
783,SAC-60771
784,SAC-60772
785,SAC-60773
786,SAC-60774
787,SAC-60775
788,SAC-60776
789,SAC-60777
790,SAC-60778
791,SAC-60779
792,SAC-60780
793,SAC-60781
794,SAC-60782
795,SAC-60783
796,SAC-60784
797,SAC-60785
798,SAC-60786
799,SAC-60787
800,SAC-60788
801,SAC-60789
802,SAC-60790
803,SAC-60791
804,SAC-60792
805,SAC-60793
806,SAC-60794
807,SAC-60795
808,SAC-60796
810,SAC-60797
811,SAC-60798
812,SAC-60799
813,SAC-60800
814,SAC-60801
816,SAC-60802
817,SAC-60803
818,SAC-60804
819,SAC-60805
820,SAC-60806
821,SAC-60807
822,SAC-60808
823,SAC-60809
824,SAC-60810
825,SAC-60811
826,SAC-60812
827,SAC-60813
828,SAC-60814
829,SAC-60815
830,SAC-60816
831,SAC-60817
832,SAC-60818
833,SAC-60819
834,SAC-60820
835,SAC-60821
836,SAC-60822
837,SAC-60823
838,SAC-60824
839,SAC-60825
840,SAC-60826
841,SAC-60827
842,SAC-60828
843,SAC-60829
844,SAC-60830
845,SAC-60831
846,SAC-60832
847,SAC-60833
848,SAC-60834
850,SAC-60835
851,SAC-60836
852,SAC-60837
853,SAC-60838
854,SAC-60839
855,SAC-60840
856,SAC-60841
857,SAC-60842
858,SAC-60843
859,SAC-60844
860,SAC-60845
861,SAC-60846
862,SAC-60847
863,SAC-60848
864,SAC-60849
865,SAC-60850
866,SAC-60851
867,SAC-60852
868,SAC-60853
869,SAC-60854
870,SAC-60855
871,SAC-60856
872,SAC-60857
873,SAC-60858
874,SAC-60859
875,SAC-60860
876,SAC-60861
877,SAC-60862
878,SAC-60863
879,SAC-60864
880,SAC-60865
881,SAC-60866
882,SAC-60867
883,SAC-60868
884,SAC-60869
885,SAC-60870
886,SAC-60871
887,SAC-60872
888,SAC-60873
889,SAC-60874
890,SAC-60875
891,SAC-60876
892,SAC-60877
893,SAC-60878
894,SAC-60879
895,SAC-60880
896,SAC-60881
897,SAC-60882
898,SAC-60883
899,SAC-60884
900,SAC-60885
901,SAC-60886
902,SAC-60887
903,SAC-60888
904,SAC-60889
905,SAC-60890
906,SAC-60891
907,SAC-60892
908,SAC-60893
909,SAC-60894
910,SAC-60895
911,SAC-60896
912,SAC-60897
913,SAC-60898
914,SAC-60899
915,SAC-60900
916,SAC-60901
917,SAC-60902
918,SAC-60903
919,SAC-60904
920,SAC-60905
921,SAC-60906
923,SAC-60907
924,SAC-60908
925,SAC-60909
926,SAC-60910
927,SAC-60911
928,SAC-60912
929,SAC-60913
930,SAC-60914
931,SAC-60915
932,SAC-60916
933,SAC-60917
934,SAC-60918
935,SAC-60919
936,SAC-60920
937,SAC-60921
938,SAC-60922
939,SAC-60923
940,SAC-60924
941,SAC-60925
942,SAC-60926
943,SAC-60927
944,SAC-60928
945,SAC-60929
946,SAC-60930
947,SAC-60931
948,SAC-60932
949,SAC-60933
950,SAC-60934
951,SAC-60935
952,SAC-60936
953,SAC-60937
954,SAC-60938
955,SAC-60939
956,SAC-60940
957,SAC-60941
958,SAC-60942
959,SAC-60943
960,SAC-60944
961,SAC-60945
962,SAC-60946
963,SAC-60947
964,SAC-60948
965,SAC-60949
966,SAC-60950
967,SAC-60951
968,SAC-60952
969,SAC-60953
970,SAC-60954
971,SAC-60955
972,SAC-60956
973,SAC-60957
974,SAC-60958
975,SAC-60959
976,SAC-60960
977,SAC-60961
978,SAC-60962
979,SAC-60963
980,SAC-60964
981,SAC-60965
982,SAC-60966
983,SAC-60967
984,SAC-60968
985,SAC-60969
986,SAC-60970
987,SAC-60971
988,SAC-60972
989,SAC-60973
990,SAC-60974
991,SAC-60975
992,SAC-60976
993,SAC-60977
994,SAC-60978
995,SAC-60979
996,SAC-60980
997,SAC-60981
998,SAC-60982
999,SAC-60983
1000,SAC-60984
1001,SAC-60985
1002,SAC-60986
1003,SAC-60987
1004,SAC-60988
1005,SAC-60989
1006,SAC-60990
1007,SAC-60991
1008,SAC-60992
1009,SAC-60993
1010,SAC-60994
1011,SAC-60995
1012,SAC-60996
1013,SAC-60997
1014,SAC-60998
1015,SAC-60999
1016,SAC-61000
1017,SAC-61001
1018,SAC-61002
1019,SAC-61003
1020,SAC-61004
1021,SAC-61005
1022,SAC-61006
1023,SAC-61007
1024,SAC-61008
1025,SAC-61009
1026,SAC-61010
1027,SAC-61011
1028,SAC-61012
1029,SAC-61013
1030,SAC-61014
1031,SAC-61015
1032,SAC-61016
1033,SAC-61017
1034,SAC-61018
1035,SAC-61019
1036,SAC-61020
1037,SAC-61021
1038,SAC-61022
1039,SAC-61023
1040,SAC-61024
1041,SAC-61025
1042,SAC-61026
1043,SAC-61027
1044,SAC-61028
1045,SAC-61029
1046,SAC-61030
1047,SAC-61031
1048,SAC-61032
1049,SAC-61033
1050,SAC-61034
1051,SAC-61035
1052,SAC-61036
1053,SAC-61037
1054,SAC-61038
1055,SAC-61039
1056,SAC-61040
1057,SAC-61041
1058,SAC-61042
1059,SAC-61043
1060,SAC-61044
1061,SAC-61045
1062,SAC-61046
1063,SAC-61047
1064,SAC-61048
1065,SAC-61049
1066,SAC-61050
1067,SAC-61051
1068,SAC-61052
1069,SAC-61053
1070,SAC-61054
1071,SAC-61055
1072,SAC-61056
1073,SAC-61057
1074,SAC-61058
1075,SAC-61059
1076,SAC-61060
1077,SAC-61061
1078,SAC-61062
1079,SAC-61063
1080,SAC-61064
1081,SAC-61065
1082,SAC-61066
1083,SAC-61067
1084,SAC-61068
1085,SAC-61069
1086,SAC-61070
1087,SAC-61071
1088,SAC-61072
1089,SAC-61073
1090,SAC-61074
1091,SAC-61075
1092,SAC-61076
1093,SAC-61077
1094,SAC-61078
1095,SAC-61079
1096,SAC-61080
1097,SAC-61081
1098,SAC-61082
1099,SAC-61083
1100,SAC-61084
1101,SAC-61085
1102,SAC-61086
1103,SAC-61087
1104,SAC-61088
1105,SAC-61089
1106,SAC-61090
1107,SAC-61091
1108,SAC-61092
1109,SAC-61093
1110,SAC-61094
1111,SAC-61095
1112,SAC-61096
1113,SAC-61097
1114,SAC-61098
1115,SAC-61099
1116,SAC-61100
1117,SAC-61101
1118,SAC-61102
1119,SAC-61103
1120,SAC-61104
1121,SAC-61105
1122,SAC-61106
1123,SAC-61107
1124,SAC-61108
1125,SAC-61109
1126,SAC-61110
1127,SAC-61111
1128,SAC-61112
1129,SAC-61113
1130,SAC-61114
1131,SAC-61115
1132,SAC-61116
1133,SAC-61117
1134,SAC-61118
1135,SAC-61119
1136,SAC-61120
1137,SAC-61121
1138,SAC-61122
1139,SAC-61123
1140,SAC-61124
1141,SAC-61125
1142,SAC-61126
1143,SAC-61127
1144,SAC-61128
1145,SAC-61129
1146,SAC-61130
1147,SAC-61131
1148,SAC-61132
1149,SAC-61133
1150,SAC-61134
1151,SAC-61135
1152,SAC-61136
1153,SAC-61137
1154,SAC-61138
1155,SAC-61139
1156,SAC-61140
1157,SAC-61141
1158,SAC-61142
1159,SAC-61143
1160,SAC-61144
1161,SAC-61145
1162,SAC-61146
1163,SAC-61147
1164,SAC-61148
1165,SAC-61149
1166,SAC-61150
1167,SAC-61151
1168,SAC-61152
1169,SAC-61153
1170,SAC-61154
1171,SAC-61155
1172,SAC-61156
1173,SAC-61157
1174,SAC-61158
1175,SAC-61159
1176,SAC-61160
1177,SAC-61161
1178,SAC-61162
1179,SAC-61163
1180,SAC-61164
1181,SAC-61165
1182,SAC-61166
1183,SAC-61167
1184,SAC-61168
1185,SAC-61169
1186,SAC-61170
1187,SAC-61171
1188,SAC-61172
1189,SAC-61173
1190,SAC-61174
1191,SAC-61175
1192,SAC-61176
1193,SAC-61177
1194,SAC-61178
1195,SAC-61179
1196,SAC-61180
1197,SAC-61181
1198,SAC-61182
1199,SAC-61183
1200,SAC-61184
1201,SAC-61185
1202,SAC-61186
1203,SAC-61187
1204,SAC-61188
1205,SAC-61189
1206,SAC-61190
1207,SAC-61191
1208,SAC-61192
1209,SAC-61193
1210,SAC-61194
1211,SAC-61195
1212,SAC-61196
1213,SAC-61197
1214,SAC-61198
1215,SAC-61199
1216,SAC-61200
1217,SAC-61201
1218,SAC-61202
1219,SAC-61203
1220,SAC-61204
1221,SAC-61205
1222,SAC-61206
1223,SAC-61207
1224,SAC-61208
1225,SAC-61209
1226,SAC-61210
1227,SAC-61211
1228,SAC-61212
1229,SAC-61213
1230,SAC-61214
1231,SAC-61215
1232,SAC-61216
1233,SAC-61217
1234,SAC-61218
1235,SAC-61219
1236,SAC-61220
1237,SAC-61221
1238,SAC-61222
1239,SAC-61223
1240,SAC-61224
1241,SAC-61225
1242,SAC-61226
1243,SAC-61227
1244,SAC-61228
1245,SAC-61229
1246,SAC-61230
1247,SAC-61231
1248,SAC-61232
1249,SAC-61233
1250,SAC-61234
1251,SAC-61235
1252,SAC-61236
1253,SAC-61237
1254,SAC-61238
1255,SAC-61239
1256,SAC-61240
1257,SAC-61241
1258,SAC-61242
1259,SAC-61243
1260,SAC-61244
1261,SAC-61245
1262,SAC-61246
1263,SAC-61247
1264,SAC-61248
1265,SAC-61249
1266,SAC-61250
1267,SAC-61251
1268,SAC-61252
1269,SAC-61253
1270,SAC-61254
1271,SAC-61255
1272,SAC-61256
1273,SAC-61257
1274,SAC-61258
1275,SAC-61259
1276,SAC-61260
1277,SAC-61261
1278,SAC-61262
1279,SAC-61263
1280,SAC-61264
1281,SAC-61265
1282,SAC-61266
1283,SAC-61267
1284,SAC-61268
1285,SAC-61269
1286,SAC-61270
1287,SAC-61271
1288,SAC-61272
1289,SAC-61273
1290,SAC-61274
1291,SAC-61275
1292,SAC-61276
1293,SAC-61277
1294,SAC-61278
1295,SAC-61279
1296,SAC-61280
1297,SAC-61281
1298,SAC-61282
1299,SAC-61283
1300,SAC-61284
1301,SAC-61285
1302,SAC-61286
1303,SAC-61287
1304,SAC-61288
1305,SAC-61289
1306,SAC-61290
1307,SAC-61291
1308,SAC-61292
1309,SAC-61293
1310,SAC-61294
1311,SAC-61295
1312,SAC-61296
1313,SAC-61297
1314,SAC-61298
1315,SAC-61299
1316,SAC-61300
1317,SAC-61301
1318,SAC-61302
1319,SAC-61303
1320,SAC-61304
1321,SAC-61305
1322,SAC-61306
1323,SAC-61307
1324,SAC-61308
1325,SAC-61309
1326,SAC-61310
1327,SAC-61311
1328,SAC-61312
1329,SAC-61313
1330,SAC-61314
1331,SAC-61315
1332,SAC-61316
1333,SAC-61317
1334,SAC-61318
1335,SAC-61319
1336,SAC-61320
1337,SAC-61321
1338,SAC-61322
1339,SAC-61323
1340,SAC-61324
1341,SAC-61325
1342,SAC-61326
1343,SAC-61327
1344,SAC-61328
1345,SAC-61329
1346,SAC-61330
1347,SAC-61331
1348,SAC-61332
1349,SAC-61333
1350,SAC-61334
1351,SAC-61335
1352,SAC-61336
1353,SAC-61337
1354,SAC-61338
1355,SAC-61339
1356,SAC-61340
1357,SAC-61341
1358,SAC-61342
1359,SAC-61343
1360,SAC-61344
1361,SAC-61345
1362,SAC-61346
1363,SAC-61347
1364,SAC-61348
1365,SAC-61349
1366,SAC-61350
1367,SAC-61351
1368,SAC-61352
1369,SAC-61353
1370,SAC-61354
1371,SAC-61355
1372,SAC-61356
1373,SAC-61357
1374,SAC-61358
1375,SAC-61359
1376,SAC-61360
1377,SAC-61361
1378,SAC-61362
1379,SAC-61363
1380,SAC-61364
1381,SAC-61365
1382,SAC-61366
1383,SAC-61367
1384,SAC-61368
1385,SAC-61369
1386,SAC-61370
1387,SAC-61371
1388,SAC-61372
1389,SAC-61373
1390,SAC-61374
1391,SAC-61375
1392,SAC-61376
1393,SAC-61377
1394,SAC-61378
1395,SAC-61379
1396,SAC-61380
1397,SAC-61381
1398,SAC-61382
1399,SAC-61383
1400,SAC-61384
1401,SAC-61385
1402,SAC-61386
1403,SAC-61387
1404,SAC-61388
1405,SAC-61389
1406,SAC-61390
1407,SAC-61391
1408,SAC-61392
1409,SAC-61393
1410,SAC-61394
1411,SAC-61395
1412,SAC-61396
1413,SAC-61397
1414,SAC-61398
1415,SAC-61399
1416,SAC-61400
1417,SAC-61401
1418,SAC-61402
1419,SAC-61403
1420,SAC-61404
1421,SAC-61405
1422,SAC-61406
1423,SAC-61407
1424,SAC-61408
1425,SAC-61409
1426,SAC-61410
1427,SAC-61411
1428,SAC-61412
1429,SAC-61413
1430,SAC-61414
1431,SAC-61415
1432,SAC-61416
1433,SAC-61417
1434,SAC-61418
1435,SAC-61419
1436,SAC-61420
1437,SAC-61421
1438,SAC-61422
1439,SAC-61423
1440,SAC-61424
1441,SAC-61425
1442,SAC-61426
1443,SAC-61427
1444,SAC-61428
1445,SAC-61429
1448,SAC-61430
1449,SAC-61431
1451,SAC-61432
1452,SAC-61433
1453,SAC-61434
1454,SAC-61435
1455,SAC-61436
1456,SAC-61437
1457,SAC-61438
1458,SAC-61439
1459,SAC-61440
1460,SAC-61441
1462,SAC-61442
1463,SAC-61443
1464,SAC-61444
1465,SAC-61445
1466,SAC-61446
1467,SAC-61447
1468,SAC-61448
1469,SAC-61449
1470,SAC-61450
1471,SAC-61451
1472,SAC-61452
1473,SAC-61453
1474,SAC-61454
1475,SAC-61455
1476,SAC-61456
1477,SAC-61457
1478,SAC-61458
1479,SAC-61459
1480,SAC-61460
1481,SAC-61461
1482,SAC-61462
1483,SAC-61463
1484,SAC-61464
1485,SAC-61465
1486,SAC-61466
1487,SAC-61467
1488,SAC-61468
1489,SAC-61469
1490,SAC-61470
1491,SAC-61471
1492,SAC-61472
1493,SAC-61473
1494,SAC-61474
1495,SAC-61475
1496,SAC-61476
1497,SAC-61477
1498,SAC-61478
1499,SAC-61479
1500,SAC-61480
1501,SAC-61481
1502,SAC-61482
1503,SAC-61483
1504,SAC-61484
1505,SAC-61485
1506,SAC-61486
1507,SAC-61487
1508,SAC-61488
1509,SAC-61489
1510,SAC-61490
1511,SAC-61491
1512,SAC-61492
1513,SAC-61493
1514,SAC-61494
1515,SAC-61495
1516,SAC-61496
1517,SAC-61497
1518,SAC-61498
1519,SAC-61499
1520,SAC-61500
1521,SAC-61501
1522,SAC-61502
1523,SAC-61503
1524,SAC-61504
1525,SAC-61505
1526,SAC-61506
1527,SAC-61507
1528,SAC-61508
1529,SAC-61509
1530,SAC-61510
1531,SAC-61511
1532,SAC-61512
1533,SAC-61513
1534,SAC-61514
1535,SAC-61515
1536,SAC-61516
1537,SAC-61517
1538,SAC-61518
1539,SAC-61519
1540,SAC-61520
1541,SAC-61521
1542,SAC-61522
1543,SAC-61523
1544,SAC-61524
1545,SAC-61525
1546,SAC-61526
1547,SAC-61527
1548,SAC-61528
1549,SAC-61529
1551,SAC-61530
1552,SAC-61531
1553,SAC-61532
1554,SAC-61533
1555,SAC-61534
1556,SAC-61535
1557,SAC-61536
1558,SAC-61537
1559,SAC-61538
1560,SAC-61539
1561,SAC-61540
1562,SAC-61541
1563,SAC-61542
1564,SAC-61543
1565,SAC-61544
1566,SAC-61545
1567,SAC-61546
1568,SAC-61547
1569,SAC-61548
1570,SAC-61549
1571,SAC-61550
1572,SAC-61551
1573,SAC-61552
1574,SAC-61553
1575,SAC-61554
1576,SAC-61555
1577,SAC-61556
1578,SAC-61557
1579,SAC-61558
1580,SAC-61559
1581,SAC-61560
1582,SAC-61561
1583,SAC-61562
1584,SAC-61563
1585,SAC-61564
1586,SAC-61565
1587,SAC-61566
1588,SAC-61567
1589,SAC-61568
1590,SAC-61569
1591,SAC-61570
1592,SAC-61571
1593,SAC-61572
1594,SAC-61573
1595,SAC-61574
1596,SAC-61575
1597,SAC-61576
1598,SAC-61577
1599,SAC-61578
1600,SAC-61579
1601,SAC-61580
1602,SAC-61581
1603,SAC-61582
1604,SAC-61583
1605,SAC-61584
1606,SAC-61585
1607,SAC-61586
1608,SAC-61587
1609,SAC-61588
1610,SAC-61589
1611,SAC-61590
1612,SAC-61591
1613,SAC-61592
1614,SAC-61593
1615,SAC-61594
1616,SAC-61595
1617,SAC-61596
1618,SAC-61597
1619,SAC-61598
1620,SAC-61599
1621,SAC-61600
1622,SAC-61601
1623,SAC-61602
1624,SAC-61603
1625,SAC-61604
1626,SAC-61605
1627,SAC-61606
1628,SAC-61607
1629,SAC-61608
1630,SAC-61609
1631,SAC-61610
1632,SAC-61611
1633,SAC-61612
1634,SAC-61613
1635,SAC-61614
1636,SAC-61615
1637,SAC-61616
1638,SAC-61617
1639,SAC-61618
1640,SAC-61619
1641,SAC-61620
1642,SAC-61621
1643,SAC-61622
1644,SAC-61623
1645,SAC-61624
1646,SAC-61625
1647,SAC-61626
1648,SAC-61627
1649,SAC-61628
1650,SAC-61629
1651,SAC-61630
1652,SAC-61631
1653,SAC-61632
1654,SAC-61633
1655,SAC-61634
1656,SAC-61635
1657,SAC-61636
1658,SAC-61637
1659,SAC-61638
1660,SAC-61639
1661,SAC-61640
1662,SAC-61641
1663,SAC-61642
1664,SAC-61643
1665,SAC-61644
1666,SAC-61645
1667,SAC-61646
1668,SAC-61647
1669,SAC-61648
1670,SAC-61649
1671,SAC-61650
1672,SAC-61651
1673,SAC-61652
1674,SAC-61653
1675,SAC-61654
1676,SAC-61655
1677,SAC-61656
1678,SAC-61657
1679,SAC-61658
1680,SAC-61659
1681,SAC-61660
1682,SAC-61661
1683,SAC-61662
1684,SAC-61663
1685,SAC-61664
1686,SAC-61665
1687,SAC-61666
1688,SAC-61667
1689,SAC-61668
1690,SAC-61669
1691,SAC-61670
1692,SAC-61671
1693,SAC-61672
1694,SAC-61673
1695,SAC-61674
1696,SAC-61675
1697,SAC-61676
1698,SAC-61677
1699,SAC-61678
1700,SAC-61679
1701,SAC-61680
1702,SAC-61681
1703,SAC-61682
1704,SAC-61683
1705,SAC-61684
1706,SAC-61685
1707,SAC-61686
1708,SAC-61687
1709,SAC-61688
1710,SAC-61689
1711,SAC-61690
1712,SAC-61691
1713,SAC-61692
1714,SAC-61693
1715,SAC-61694
1716,SAC-61695
1717,SAC-61696
1718,SAC-61697
1719,SAC-61698
1720,SAC-61699
1721,SAC-61700
1722,SAC-61701
1723,SAC-61702
1724,SAC-61703
1725,SAC-61704
1726,SAC-61705
1727,SAC-61706
1728,SAC-61707
1729,SAC-61708
1730,SAC-61709
1731,SAC-61710
1732,SAC-61711
1733,SAC-61712
1734,SAC-61713
1735,SAC-61714
1736,SAC-61715
1737,SAC-61716
1738,SAC-61717
1739,SAC-61718
1740,SAC-61719
1741,SAC-61720
1742,SAC-61721
1743,SAC-61722
1744,SAC-61723
1745,SAC-61724
1746,SAC-61725
1747,SAC-61726
1748,SAC-61727
1749,SAC-61728
1750,SAC-61729
1751,SAC-61730
1752,SAC-61731
1753,SAC-61732
1754,SAC-61733
1755,SAC-61734
1756,SAC-61735
1757,SAC-61736
1758,SAC-61737
1759,SAC-61738
1761,SAC-61739
1762,SAC-61740
1763,SAC-61741
1764,SAC-61742
1765,SAC-61743
1766,SAC-61744
1767,SAC-61745
1768,SAC-61746
1769,SAC-61747
1770,SAC-61748
1771,SAC-61749
1772,SAC-61750
1773,SAC-61751
1774,SAC-61752
1775,SAC-61753
1776,SAC-61754
1777,SAC-61755
1778,SAC-61756
1779,SAC-61757
1780,SAC-61758
1781,SAC-61759
1782,SAC-61760
1783,SAC-61761
1784,SAC-61762
1785,SAC-61763
1786,SAC-61764
1787,SAC-61765
1788,SAC-61766
1789,SAC-61767
1790,SAC-61768
1791,SAC-61769
1792,SAC-61770
1793,SAC-61771
1794,SAC-61772
1795,SAC-61773
1796,SAC-61774
1797,SAC-61775
1798,SAC-61776
1799,SAC-61777
1800,SAC-61778
1801,SAC-61779
1802,SAC-61780
1803,SAC-61781
1804,SAC-61782
1805,SAC-61783
1806,SAC-61784
1807,SAC-61785
1808,SAC-61786
1809,SAC-61787
1810,SAC-61788
1811,SAC-61789
1812,SAC-61790
1813,SAC-61791
1814,SAC-61792
1815,SAC-61793
1816,SAC-61794
1817,SAC-61795
1818,SAC-61796
1819,SAC-61797
1820,SAC-61798
1821,SAC-61799
1822,SAC-61800
1823,SAC-61801
1824,SAC-61802
1825,SAC-61803
1826,SAC-61804
1827,SAC-61805
1828,SAC-61806
1829,SAC-61807
1830,SAC-61808
1831,SAC-61809
1832,SAC-61810
1833,SAC-61811
1835,SAC-61812
1836,SAC-61813
1837,SAC-61814
1838,SAC-61815
1839,SAC-61816
1840,SAC-61817
1841,SAC-61818
1842,SAC-61819
1843,SAC-61820
1844,SAC-61821
1845,SAC-61822
1846,SAC-61823
1847,SAC-61824
1848,SAC-61825
1849,SAC-61826
1850,SAC-61827
1851,SAC-61828
1852,SAC-61829
1853,SAC-61830
1854,SAC-61831
1855,SAC-61832
1856,SAC-61833
1857,SAC-61834
1858,SAC-61835
1859,SAC-61836
1860,SAC-61837
1861,SAC-61838
1862,SAC-61839
1863,SAC-61840
1864,SAC-61841
1865,SAC-61842
1866,SAC-61843
1867,SAC-61844
1868,SAC-61845
1869,SAC-61846
1870,SAC-61847
1871,SAC-61848
1872,SAC-61849
1873,SAC-61850
1874,SAC-61851
1875,SAC-61852
1876,SAC-61853
1877,SAC-61854
1878,SAC-61855
1880,SAC-61856
1881,SAC-61857
1882,SAC-61858
1883,SAC-61859
1884,SAC-61860
1885,SAC-61861
1886,SAC-61862
1887,SAC-61863
1888,SAC-61864
1889,SAC-61865
1890,SAC-61866
1891,SAC-61867
1892,SAC-61868
1893,SAC-61869
1894,SAC-61870
1895,SAC-61871
1896,SAC-61872
1897,SAC-61873
1898,SAC-61874
1899,SAC-61875
1900,SAC-61876
1901,SAC-61877
1902,SAC-61878
1903,SAC-61879
1904,SAC-61880
1905,SAC-61881
1906,SAC-61882
1907,SAC-61883
1908,SAC-61884
1909,SAC-61885
1910,SAC-61886
1911,SAC-61887
1913,SAC-61888
1914,SAC-61889
1915,SAC-61890
1916,SAC-61891
1918,SAC-61892
1919,SAC-61893
1920,SAC-61894
1921,SAC-61895
1922,SAC-61896
1923,SAC-61897
1924,SAC-61898
1925,SAC-61899
1926,SAC-61900
1927,SAC-61901
1928,SAC-61902
1929,SAC-61903
1930,SAC-61904
1931,SAC-61905
1932,SAC-61906
1933,SAC-61907
1934,SAC-61908
1935,SAC-61909
1936,SAC-61910
1937,SAC-61911
1938,SAC-61912
1939,SAC-61913
1940,SAC-61914
1941,SAC-61915
1942,SAC-61916
1943,SAC-61917
1944,SAC-61918
1945,SAC-61919
1946,SAC-61920
1947,SAC-61921
1948,SAC-61922
1949,SAC-61923
1950,SAC-61924
1951,SAC-61925
1952,SAC-61926
1953,SAC-61927
1954,SAC-61928
1955,SAC-61929
1956,SAC-61930
1957,SAC-61931
1958,SAC-61932
1959,SAC-61933
1960,SAC-61934
1961,SAC-61935
1962,SAC-61936
1963,SAC-61937
1964,SAC-61938
1965,SAC-61939
1966,SAC-61940
1967,SAC-61941
1968,SAC-61942
1969,SAC-61943
1970,SAC-61944
1971,SAC-61945
1972,SAC-61946
1973,SAC-61947
1974,SAC-61948
1975,SAC-61949
1976,SAC-61950
1977,SAC-61951
1978,SAC-61952
1979,SAC-61953
1980,SAC-61954
1981,SAC-61955
1982,SAC-61956
1983,SAC-61957
1984,SAC-61958
1985,SAC-61959
1986,SAC-61960
1987,SAC-61961
1988,SAC-61962
1989,SAC-61963
1990,SAC-61964
1991,SAC-61965
1992,SAC-61966
1993,SAC-61967
1994,SAC-61968
1995,SAC-61969
1996,SAC-61970
1997,SAC-61971
1998,SAC-61972
1999,SAC-61973
2000,SAC-61974
2001,SAC-61975
2002,SAC-61976
2003,SAC-61977
2004,SAC-61978
2005,SAC-61979
2006,SAC-61980
2007,SAC-61981
2008,SAC-61982
2009,SAC-61983
2010,SAC-61984
2011,SAC-61985
2012,SAC-61986
2013,SAC-61987
2014,SAC-61988
2015,SAC-61989
2016,SAC-61990
2017,SAC-61991
2018,SAC-61992
2019,SAC-61993
2020,SAC-61994
2021,SAC-61995
2022,SAC-61996
2023,SAC-61997
2024,SAC-61998
2025,SAC-61999
2026,SAC-62000
2027,SAC-62001
2028,SAC-62002
2029,SAC-62003
2030,SAC-62004
2031,SAC-62005
2032,SAC-62006
2033,SAC-62007
2034,SAC-62008
2035,SAC-62009
2036,SAC-62010
2037,SAC-62011
2038,SAC-62012
2039,SAC-62013
2040,SAC-62014
2041,SAC-62015
2042,SAC-62016
2043,SAC-62017
2044,SAC-62018
2045,SAC-62019
2046,SAC-62020
2047,SAC-62021
2048,SAC-62022
2049,SAC-62023
2050,SAC-62024
2051,SAC-62025
2052,SAC-62026
2053,SAC-62027
2054,SAC-62028
2055,SAC-62029
2056,SAC-62030
2057,SAC-62031
2058,SAC-62032
2059,SAC-62033
2060,SAC-62034
2061,SAC-62035
2062,SAC-62036
2063,SAC-62037
2064,SAC-62038
2065,SAC-62039
2066,SAC-62040
2067,SAC-62041
2068,SAC-62042
2069,SAC-62043
2070,SAC-62044
2071,SAC-62045
2072,SAC-62046
2073,SAC-62047
2074,SAC-62048
2075,SAC-62049
2076,SAC-62050
2077,SAC-62051
2078,SAC-62052
2079,SAC-62053
2080,SAC-62054
2081,SAC-62055
2082,SAC-62056
2083,SAC-62057
2084,SAC-62058
2085,SAC-62059
2086,SAC-62060
2087,SAC-62061
2088,SAC-62062
2089,SAC-62063
2090,SAC-62064
2091,SAC-62065
2092,SAC-62066
2093,SAC-62067
2094,SAC-62068
2095,SAC-62069
2096,SAC-62070
2097,SAC-62071
2098,SAC-62072
2099,SAC-62073
2500,SAC-62074
2999,SAC-62075
3000,SAC-62076
3001,SAC-62077
3002,SAC-62078
3003,SAC-62079
3004,SAC-62080
3005,SAC-62081
3006,SAC-62082
3007,SAC-62083
3008,SAC-62084
3009,SAC-62085
3010,SAC-62086
3011,SAC-62087
3012,SAC-62088
3013,SAC-62089
3014,SAC-62090
3015,SAC-62091
3016,SAC-62092
3017,SAC-62093
3018,SAC-62094
3019,SAC-62095
3020,SAC-62096
3021,SAC-62097
3022,SAC-62098
3023,SAC-62099
3024,SAC-62100
3025,SAC-62101
3026,SAC-62102
3027,SAC-62103
3028,SAC-62104
3029,SAC-62105
3030,SAC-62106
3031,SAC-62107
3032,SAC-62108
3033,SAC-62109
3034,SAC-62110
3035,SAC-62111
3036,SAC-62112
3037,SAC-62113
3038,SAC-62114
3039,SAC-62115
3040,SAC-62116
3041,SAC-62117
3042,SAC-62118
3043,SAC-62119
3044,SAC-62120
3045,SAC-62121
3046,SAC-62122
3047,SAC-62123
3048,SAC-62124
3049,SAC-62125
3050,SAC-62126
3051,SAC-62127
3052,SAC-62128
3053,SAC-62129
3054,SAC-62130
3055,SAC-62131
3056,SAC-62132
3057,SAC-62133
3058,SAC-62134
3059,SAC-62135
3060,SAC-62136
3061,SAC-62137
3062,SAC-62138
3063,SAC-62139
3064,SAC-62140
3065,SAC-62141
3066,SAC-62142
3067,SAC-62143
3068,SAC-62144
3069,SAC-62145
3070,SAC-62146
3071,SAC-62147
3072,SAC-62148
3073,SAC-62149
3074,SAC-62150
3075,SAC-62151
3076,SAC-62152
3077,SAC-62153
3078,SAC-62154
3079,SAC-62155
3080,SAC-62156
3081,SAC-62157
3082,SAC-62158
3083,SAC-62159
3084,SAC-62160
3085,SAC-62161
3086,SAC-62162
3087,SAC-62163
3088,SAC-62164
3089,SAC-62165
3090,SAC-62166
3091,SAC-62167
3092,SAC-62168
3093,SAC-62169
3094,SAC-62170
3095,SAC-62171
3096,SAC-62172
3097,SAC-62173
3098,SAC-62174
3099,SAC-62175
3101,SAC-62176
3102,SAC-62177
3103,SAC-62178
3104,SAC-62179
3105,SAC-62180
3106,SAC-62181
3107,SAC-62182
4000,SAC-62183
4001,SAC-62184
4002,SAC-62185
4003,SAC-62186
4004,SAC-62187
4005,SAC-62188
4007,SAC-62189
4008,SAC-62190
4009,SAC-62191
4010,SAC-62192
4012,SAC-62193
4013,SAC-62194
4014,SAC-62195
4015,SAC-62196
4016,SAC-62197
4017,SAC-62198
4018,SAC-62199
4019,SAC-62200
4020,SAC-62201
4021,SAC-62202
4022,SAC-62203
4023,SAC-62204
4024,SAC-62205
4025,SAC-62206
4027,SAC-62207
4030,SAC-62208
4034,SAC-62209
4035,SAC-62210
4036,SAC-62211
4037,SAC-62212
4038,SAC-62213
4039,SAC-62214
4040,SAC-62215
4041,SAC-62216
4042,SAC-62217
4043,SAC-62218
4044,SAC-62219
4045,SAC-62220
4046,SAC-62221
5000,SAC-62222
5001,SAC-62223
5002,SAC-62224
5004,SAC-62225
5005,SAC-62226
5006,SAC-62227
5007,SAC-62228
5008,SAC-62229
5009,SAC-62230
5010,SAC-62231
5011,SAC-62232
5012,SAC-62233
5013,SAC-62234
5014,SAC-62235
5015,SAC-62236
5016,SAC-62237
5017,SAC-62238
5018,SAC-62239
5019,SAC-62240
5020,SAC-62241
5021,SAC-62242
5022,SAC-62243
5023,SAC-62244
5024,SAC-62245
5025,SAC-62246
5026,SAC-62247
5027,SAC-62248
5028,SAC-62249
5029,SAC-62250
5030,SAC-62251
5031,SAC-62252
5032,SAC-62253
5033,SAC-62254
5034,SAC-62255
5035,SAC-62256
5036,SAC-62257
5037,SAC-62258
5038,SAC-62259
5039,SAC-62260
5040,SAC-62261
5041,SAC-62262
5042,SAC-62263
5043,SAC-62264
5044,SAC-62265
5045,SAC-62266
5046,SAC-62267
5047,SAC-62268
5048,SAC-62269
5049,SAC-62270
5050,SAC-62271
5051,SAC-62272
5052,SAC-62273
5053,SAC-62274
5054,SAC-62275
5055,SAC-62276
5056,SAC-62277
5057,SAC-62278
5058,SAC-62279
5059,SAC-62280
5060,SAC-62281
5061,SAC-62282
5062,SAC-62283
5063,SAC-62284
5064,SAC-62285
5065,SAC-62286
5066,SAC-62287
5067,SAC-62288
5068,SAC-62289
5069,SAC-62290
5070,SAC-62291
5071,SAC-62292
5072,SAC-62293
5073,SAC-62294
5074,SAC-62295
5075,SAC-62296
5076,SAC-62297
5077,SAC-62298
5078,SAC-62299
5079,SAC-62300
5080,SAC-62301
5081,SAC-62302
5082,SAC-62303
5083,SAC-62304
5084,SAC-62305
5085,SAC-62306
5086,SAC-62307
5087,SAC-62308
5088,SAC-62309
5089,SAC-62310
5090,SAC-62311
5091,SAC-62312
5092,SAC-62313
5093,SAC-62314
5094,SAC-62315
5095,SAC-62316
5096,SAC-62317
5097,SAC-62318
5098,SAC-62319
5099,SAC-62320
5100,SAC-62321
5101,SAC-62322
5102,SAC-62323
5103,SAC-62324
5104,SAC-62325
5105,SAC-62326
5106,SAC-62327
5107,SAC-62328
5108,SAC-62329
5109,SAC-62330
5110,SAC-62331
5111,SAC-62332
5112,SAC-62333
5113,SAC-62334
5114,SAC-62335
5115,SAC-62336
5116,SAC-62337
5117,SAC-62338
5118,SAC-62339
5119,SAC-62340
5120,SAC-62341
5121,SAC-62342
5122,SAC-62343
5123,SAC-62344
5124,SAC-62345
5125,SAC-62346
5126,SAC-62347
5127,SAC-62348
5128,SAC-62349
5129,SAC-62350
5130,SAC-62351
5131,SAC-62352
5132,SAC-62353
5133,SAC-62354
5134,SAC-62355
5135,SAC-62356
5136,SAC-62357
5137,SAC-62358
5138,SAC-62359
5139,SAC-62360
5140,SAC-62361
5141,SAC-62362
5142,SAC-62363
5143,SAC-62364
5144,SAC-62365
5145,SAC-62366
5146,SAC-62367
5147,SAC-62368
5148,SAC-62369
5149,SAC-62370
5150,SAC-62371
5151,SAC-62372
5152,SAC-62373
5153,SAC-62374
5154,SAC-62375
5155,SAC-62376
5156,SAC-62377
5157,SAC-62378
5158,SAC-62379
5159,SAC-62380
5160,SAC-62381
5161,SAC-62382
7000,SAC-62383
9003,SAC-62384
9005,SAC-62385
9045,SAC-62386
9046,SAC-62387
9069,SAC-62388
9070,SAC-62389
9099,SAC-62390
9212,SAC-62391
9228,SAC-62392
9245,SAC-62393
9277,SAC-62394
9421,SAC-62395
9557,SAC-62396
9575,SAC-62397
9684,SAC-62398
9753,SAC-62399
9754,SAC-62400
99999,SAC-62401
999999,SAC-62402
